Time,Synthetic_incidence_A,Synthetic_incidence_B,Synthetic_incidence_C,Model_incidence_A,Model_incidence_B,Model_incidence_C,Synthetic_hospitalisation_A,Synthetic_hospitalisation_B,Synthetic_hospitalisation_C,Model_hospitalisation_A,Model_hospitalisation_B,Model_hospitalisation_C
1,1,0,1,0.52118237503,0.326679345923,0.152481414857,0,0,0,0.00220235754245,5.17105873609e-5,6.71061820402e-6
2,1,0,0,0.5214872579700001,0.36967165612799996,0.191067640494,0,0,0,0.0044132517067099995,6.187055328831e-4,8.174137379088e-5
3,1,1,0,0.5721184472699998,0.46928764969899994,0.26797932523800005,0,0,0,0.005264531241440001,0.001998447571846,2.7321809809710004e-4
4,1,0,1,0.6752138686500002,0.6196487283100001,0.37844442132199996,0,0,0,0.005950026091099998,0.00410725932034,5.882374795499999e-4
5,2,1,1,0.8277833103699996,0.8210888359100001,0.524388068149,0,0,0,0.006796348579100001,0.006910500767370001,0.001042334978518
6,2,1,2,1.03406622243,1.08287345319,0.7136603696699999,0,0,0,0.007914700563199997,0.0104996412454,0.00166671483139
7,2,0,2,1.3053273506500007,1.42117085364,0.9584702192100001,0,0,0,0.009386920235300002,0.015069726306299998,0.0025063283366800002
8,4,3,2,1.6589371353300004,1.8583644231200003,1.2751743392900003,0,0,0,0.0113137724807,0.0209041802196,0.0036203198543700004
9,1,3,1,2.1185397836999993,2.4238182352199997,1.6850371201599996,0,0,0,0.013828792721900005,0.028379852681500006,0.005085301843699999
10,2,1,2,2.7151979493000002,3.15561702866,2.215590690000001,0,0,0,0.017106908447799996,0.0379872623854,0.007000605728899999
11,4,7,3,3.4893128643999987,4.1030771878,2.9024925545099993,0,0,0,0.021375184047300003,0.050362237803000004,0.009495234779300001
12,4,6,3,4.493288217700002,5.330067799399998,3.7919426651000006,0,0,0,0.026927522214000008,0.066328541475,0.012736780679100002
13,4,21,7,5.7950461983,6.919324114200002,4.9438089115,0,0,0,0.03414424313599998,0.08695342203199999,0.016942877720699995
14,4,14,2,7.482605381600003,8.9780342677,6.4356714617,0,0,0,0.043517683473,0.11361959327999999,0.022395986503400002
15,4,7,11,9.670019603199997,11.645074977699998,8.368060511399996,0,1,0,0.055685432069000035,0.14811846888100005,0.0294625246903
16,11,8,11,12.5050753425,15.100384982099996,10.871242059700002,0,1,0,0.07147339369,0.19277096370799995,0.038617648049999995
17,9,15,8,16.179266010700005,19.577109221400008,14.114010202100005,0,0,0,0.09195156642799995,0.2505840326130001,0.050477360412000016
18,15,16,20,20.940715843999996,25.377333457899994,18.315079459999993,0,1,1,0.11850629011399999,0.32545352045,0.06584012260899999
19,38,39,27,27.1109252599,32.89247103999999,23.7578459346,1,1,0,0.15293383980100006,0.42242701587999987,0.08574077007999997
20,44,54,42,35.106467276000004,42.629677149,30.809513244000016,0,0,0,0.19756168031699994,0.5480444471300001,0.11152037879800003
21,44,35,27,45.46709836599999,55.24607217000002,39.94587353599999,0,1,0,0.25540556448100005,0.7107794005499999,0.14491679503599997
22,34,59,57,58.892179354000035,71.59308207200002,51.783415136,0,1,0,0.33037307525000004,0.9216109375300001,0.18818193840200004
23,54,98,57,76.28786165599996,92.77388513399995,67.120922135,0,1,0,0.42752734392,1.1947644849500003,0.24423379351699992
24,64,117,73,98.82821877800001,120.21783662400003,86.99337074099998,0,0,0,0.5534287337300001,1.5486717750999999,0.31685334517999997
25,88,208,69,128.03444084700004,155.776885011,112.74175502500003,0,2,0,0.7165775325399997,2.0072145747,0.41093974210000006
26,170,253,86,165.877423444,201.85047104199998,146.10354648999993,1,5,1,0.9279875028799998,2.6013360630999998,0.5328408995400002
27,205,81,112,214.91065149899998,261.54731227000013,189.32987870800002,0,4,0,1.2019289489,3.371128476100001,0.6907818339999996
28,161,531,266,278.4423077969999,338.8949465899998,245.337342316,2,1,2,1.5568913643400002,4.368537680699998,0.8954196053300003
29,237,349,451,360.75815623000017,439.1111004300001,317.90459536000003,5,10,2,2.016830485700001,5.6608668204000026,1.1605622625599996
30,489,631,768,467.4101320100001,568.9550673800002,411.92699104999997,5,9,0,2.612783668759999,7.335314829799998,1.5041002182800005
31,1003,866,902,605.5899299999996,737.18259498,533.7462950200002,3,8,2,3.3849621945,9.504855003000003,1.9492127460800006
32,833,1488,1150,784.61249275,955.1346151799999,691.5775542199999,5,13,1,4.385461011900002,12.315848466299997,2.5259307492099996
33,1011,1723,755,1016.5415039199997,1237.4989385,896.0616067999999,5,12,3,5.681767616399998,15.957903201899995,3.2731608020999996
34,2198,1350,1024,1316.9982201700004,1603.2952885900004,1160.9799839400002,6,19,2,7.361304885999999,20.67663863530001,4.241306275200001
35,1157,1795,1606,1706.2067497400003,2077.14842701,1504.1795479900002,13,25,9,9.537311118799998,26.790208232699996,5.495661107499998
36,2542,2219,1805,2210.3438396600004,2690.9323879099993,1948.7677525099998,9,40,6,12.356448485000001,34.71068002199999,7.120803027400001
37,2157,3351,1701,2863.2801028799986,3485.891921800001,2524.6566441100003,11,37,9,16.0086439194,44.971692488,9.2262789418
38,3344,6346,1816,3708.8232185000015,4515.376160699998,3270.5555361999996,21,51,10,20.739810727700004,58.26420945000001,11.9539598534
39,3982,6979,3216,4803.6028016,5848.3553231000005,4236.5396740000015,21,71,10,26.86828281289999,75.48271510100003,15.487551031899997
40,6651,9433,4521,6220.772071899999,7573.934909699998,5487.356247,30,91,24,34.806025944,97.784846201,20.064881385299998
41,8740,19441,4742,8054.743424100001,9807.1337843,7106.670779199998,40,129,23,45.085982653,126.66828376199993,25.99377143870001
42,10529,8157,4773,10427.222891699996,12696.252198600007,9202.5068971,61,159,34,58.39727072300002,164.0697548720001,33.672500543
43,13758,16566,9188,13494.859758000006,16432.220531,11914.190522199999,67,228,40,75.63040080999997,212.492259451,43.616170410999985
44,24196,22736,14277,17458.876303399993,21260.382563399995,15421.173684199995,99,276,55,97.93521399000002,275.16816114100004,56.490603290000024
45,33395,21421,37873,22577.076859599998,27495.214872099998,19954.178044900007,140,327,81,126.79486396799996,356.2675684799999,73.15582698199998
46,29701,32882,35053,29178.632727400007,35538.490613,25809.152509499996,171,458,98,164.11986210700002,461.1634368299999,94.721688416
47,36460,37596,39742,37681.960969999986,45901.316169,33364.56128000001,203,614,129,212.366913286,596.76690792,122.61869440600003
48,38186,62931,30929,48615.79472800001,59230.22572800002,43102.469602,276,762,162,274.687882531,771.9482730899999,158.68777287399996
49,68696,77941,83585,62643.07410000003,76336.98658299999,55633.70806599999,370,990,205,355.11452828999995,998.0600195000006,205.29321111499996
50,70791,99453,85341,80586.40534199995,98230.75181599997,71726.964882,481,1320,270,458.78422877,1289.5776526399995,265.46342236299995
51,114283,123704,108108,103452.30218400003,126149.410003,92340.810284,627,1706,344,592.21015253,1664.8696034499999,343.06416764000005
52,148039,106048,109324,132448.91431800002,161584.03226999997,118656.149783,806,2162,478,763.5951184800001,2147.09662697,443.00798575
53,165828,188523,125310,168988.09093099996,206285.73910900007,152104.09314,968,2811,551,983.1801115200001,2765.2191920200003,571.5011557100001
54,272969,347689,112743,214657.11820899998,262237.6910789999,194380.30602200003,1232,3422,709,1263.6037024099996,3555.051895299999,736.3244355299998
55,293953,454141,234655,271138.38440700003,331566.23643000005,247431.213171,1644,4589,926,1620.2243368600002,4560.238123899999,947.1344834000001
56,389747,449565,266332,340047.64732,416355.63034000015,313389.9007599999,2135,5782,1178,2071.3200907499995,5832.915841100003,1215.7571093200004
57,483368,352541,328396,422656.6628100001,518323.6524400001,394431.08776,2627,7291,1536,2638.0273611400007,7433.697957100001,1556.4187883299992
58,505373,409954,594874,519470.28979000007,638318.4423199999,492507.8835300002,3420,9660,1955,3343.812146,9430.3989956,1985.8269957100001
59,835782,1042105,597590,629652.7604899998,775622.8742,608934.2430099999,4336,11946,2520,4213.195313599999,11894.728120699998,2522.9627777200003
60,1144686,715133,741281,750356.0061500003,927118.5085300002,743796.2627599998,5352,14894,3104,5269.4041972999985,14896.007949800005,3188.3958132000007
61,730636,880595,874861,876102.1839899994,1086478.02171,895225.6616900004,6436,18504,3992,6530.650518900002,18491.01164299999,4002.888777100001
62,552772,1538041,1057564,998496.1257100003,1243708.3009399995,1058658.5723599996,7988,22825,5016,8004.919277300003,22709.459790000008,4985.055813899999
63,1023502,854765,1301434,1106627.8768500006,1385486.8532999996,1226321.1028500004,9730,27510,6106,9683.578891999998,27535.832714999982,6147.928553599999
64,1034764,1571017,1460243,1188458.5840599993,1496689.0599700008,1387280.10458,11301,32508,7535,11534.812926899998,32890.042846000026,7494.517499999998
65,640833,1132124,1937980,1233163.0913899997,1563156.8435999993,1528380.7192000002,13507,38512,8952,13498.688310800004,38611.86237399999,9012.863303000006
66,1450918,2335122,2930641,1233869.3427100014,1575122.6799999997,1636169.3935399987,15417,44862,10608,15486.23284479999,44455.823581000004,10671.592495199999
67,705607,1930173,1639199,1189771.2562999986,1530081.4083000012,1699477.2656000014,17371,50187,12378,17384.649129200014,50103.06463800001,12417.433084799995
68,1166550,1276525,1660940,1106609.770200001,1433802.7081000004,1711899.510499999,19130,55363,14147,19069.359765999994,55193.02854799997,14176.2052445
69,940055,910006,1119177,995185.3082999997,1298885.4429000001,1673258.0486000013,20512,59521,15833,20421.19628399999,59371.37210500002,15858.221269000001
70,727799,1145943,1248009,868524.1249000002,1141432.4684999995,1589469.3738000002,21309,62196,17460,21344.73127000002,62343.50579799997,17367.819262200006
71,961155,1224373,1584376,738906.8939999994,977272.9882000014,1470912.9671999998,21607,63958,18552,21782.817657999985,63919.627829000005,18615.329801
72,1178754,959389,956941,615812.8013000004,819126.3674999997,1329997.3275999986,22019,63986,19601,21723.511094000016,64039.30541100004,19528.793365999998
73,583777,855937,1176191,505171.31599999964,675356.9927999973,1178804.2895999998,20855,62808,19991,21198.183370999992,62770.66677899996,20062.717319999996
74,437623,482616,652126,409677.1132999994,550142.3827,1027439.9602000006,20260,60274,20050,20272.427055000007,60287.47019000002,20202.103394000005
75,204897,458258,1300496,329645.5384999998,444443.51680000126,883284.9682000019,18954,57211,20016,19033.062552000018,56832.94432999997,19961.41999199998
76,227677,304326,738595,263947.15780000016,357174.81980000064,750988.7059999965,17382,52768,19113,17574.763508999953,52680.666991000064,19379.50146900001
77,141683,244350,514795,210764.23230000213,286203.35119999945,632906.579400003,16192,48147,18375,15988.895803000021,48100.59896600002,18512.090247000015
78,136505,253696,342477,168096.06769999862,229045.6004000008,529699.9481000006,14519,43426,17527,14355.83266700001,43334.669643,17423.811484000005
79,112598,160037,462455,134044.12189999968,183278.82970000058,440913.68769999966,12803,38514,16152,12740.848042999976,38582.80995899998,16180.972810000007
80,95164,126867,242589,106942.19730000198,146741.991899997,365443.6404999979,11069,33930,14873,11192.969365000026,33997.98951899994,14845.994147999969
81,102024,155085,274329,85393.32549999654,117604.69000000134,301873.7468000017,9771,29762,13404,9745.889628999983,29687.765970000066,13473.723548000038
82,80827,104533,258677,68258.12180000171,94364.34079999849,248697.7408999987,8409,25688,11997,8420.063586000004,25719.771160000004,12109.503217999998
83,77272,89732,265466,54622.45850000158,75810.50549999997,204452.47419999912,7313,22273,10886,7225.293275000004,22129.00543999998,10788.638196999964
84,73035,98496,309227,43759.7611999996,60978.64130000025,167789.71710000187,6186,19157,9645,6163.329193999991,18925.436470000073,9536.854606000008
85,20993,46726,112323,35095.284699998796,49104.48800000176,137508.14790000021,5187,16101,8352,5230.211470999988,16100.989449999994,8371.36265700002
86,49558,26317,68882,28175.246500000358,39583.85880000144,112561.2248999998,4474,13817,7237,4418.224278000009,13635.476889999816,7302.214062999992
87,19503,30692,105686,22641.416000001132,31939.17989999801,92051.48159999773,3757,11496,6308,3717.4353059999994,11501.331550000003,6333.730072000006
88,14729,32007,54942,18210.744399998337,25792.52969999984,75217.94320000336,3143,9802,5299,3116.8488689999795,9667.19401000021,5465.855683000002
89,10265,20330,96112,14659.271900001913,20844.29600000009,61420.71509999782,2467,7997,4715,2605.2283860000316,8100.503139999928,4695.358971999958
90,12553,8323,59614,11809.501799996942,16856.44000000134,50125.07649999857,2202,6867,4009,2171.6521049999865,6769.271470000036,4016.8404030000092
91,7688,20209,28989,9520.52350000292,13639.422100000083,40886.33900000155,1878,5708,3469,1805.8633170000394,5643.225759999827,3423.547232000041
92,7917,16232,51257,7680.286299999803,11041.99450000003,33336.077500000596,1509,4642,2852,1498.4684019999695,4694.473609999986,2908.0063109999755
93,6446,8102,29571,6199.549100000411,8943.22289999947,27169.96420000121,1180,3984,2478,1241.0264820000157,3897.8288900000043,2462.49774099997
94,3851,5069,13770,5007.1325999982655,7246.232599999756,22137.225199997425,995,3230,2111,1026.0649480000138,3230.9019900001585,2079.3952990000253
95,4751,1374,31787,4046.185800001025,5873.293800000101,18031.625300001353,846,2702,1769,847.0468029999756,2674.034689999884,1751.3992599999765
96,2693,4835,12836,3271.243599999696,4761.9461999982595,14683.835599999875,713,2125,1486,698.3088100000168,2210.1394599999767,1471.6850500000292
97,3022,2539,18922,2645.903599999845,3861.933400001377,11955.018699999899,606,1764,1198,574.983963000006,1824.4852500001434,1233.9879310000106
98,1947,4441,5891,2140.9866000004113,3132.771999999881,9731.469999998808,469,1545,968,472.9175679999753,1504.459269999992,1032.6405640000012
99,1387,2539,6291,1733.0792999975383,2541.8174000009894,7920.157999999821,403,1294,840,388.58309400000144,1239.3245099999476,862.5770289999782
100,1644,1800,7465,1403.3763000033796,2062.722099997103,6445.029699999839,303,1057,696,319.0016809999943,1019.9853399998974,719.3138870000257
101,849,1698,5517,1136.7596999965608,1674.2047000005841,5243.956000000238,271,844,594,261.6675520000281,838.7687600001227,598.9164969999692
102,981,1132,4791,921.0655000023544,1359.0626999996603,4266.213700000197,211,676,537,214.48046399996383,689.2251999999862,497.95662700000685
103,630,1407,3901,746.4983999989927,1103.383100003004,3470.413400001824,177,519,442,175.6855959999957,565.9503399999812,413.46582500002114
104,318,1080,2076,605.165300000459,895.9062999971211,2822.7980000004172,156,463,354,143.82075600000098,464.42809000005946,342.8876769999624
105,382,932,3320,490.7006999999285,727.5159000009298,2295.845300000161,116,401,254,117.67051500000525,380.89363000006415,284.03109600004973
106,420,363,817,397.9682999998331,590.8282999992371,1867.1255999989808,99,302,240,96.22672199999215,312.2150200000033,235.0260249999701
107,293,370,1318,322.82079999893904,479.8597999997437,1518.3638999983668,62,230,209,78.65471800003434,255.7917999997735,194.28238899999997
108,253,401,1147,261.90810000151396,389.7606000006199,1234.6748000010848,69,190,157,64.26464499998838,209.46824000007473,160.45270700001856
109,180,492,665,212.5219999998808,316.5983000025153,1003.9365000016987,61,168,134,52.48717799998121,171.46011000010185,132.39852300001075
110,275,247,693,172.47269999980927,257.18349999934435,816.2802999988198,40,138,93,42.85308500000974,140.29249999998137,109.16060799994739
111,206,167,442,139.98880000039935,208.92919999733567,663.6724000014365,48,123,84,34.976100000028964,114.74778999993578,89.93272800004343
112,62,199,479,113.63630000129342,169.7360000014305,539.5745999999344,32,89,70,28.53859499999089,93.82175999996252,74.03876699996181
113,79,130,412,92.25449999794364,137.90049999952316,438.66609999909997,30,76,57,23.279627999989316,76.6870699999854,60.91288800002076
114,74,90,305,74.90320000052452,112.03990000113845,356.617800001055,19,66,41,18.985027000017,62.66271000006236,50.082429000001866
115,53,69,126,60.820700000971556,91.03179999813437,289.90769999846816,19,46,42,15.479133999964688,51.18858000007458,41.15324299997883
116,51,77,253,49.389899998903275,73.9649000018835,235.67049999907613,12,35,38,12.617988999991212,41.804359999950975,33.797170000034384
117,28,45,80,40.11030000075698,60.09910000115633,191.57589999958873,11,34,19,10.283687000046484,34.13198999990709,27.741391999996267
118,21,32,116,32.57640000060201,48.83379999920726,155.72830000147223,8,28,26,8.379711999965366,27.861200000159442,22.75940499996068
119,26,41,136,26.459199998527765,39.68090000003576,126.58590000122786,13,14,14,6.827110000012908,22.73746999981813,18.663385000021663
120,29,31,94,21.491900000721216,32.244100000709295,102.89549999684095,2,15,14,5.561317000014242,18.552150000119582,15.297773000027519
121,15,30,43,17.457899998873472,26.201399996876717,83.63730000331998,4,14,16,4.529561000003014,15.134279999881983,12.533859999966808
122,16,15,37,14.18190000206232,21.291500002145767,67.98259999975562,3,13,10,3.6887329999590293,12.343790000071749,10.265266000002157
123,14,15,50,11.520999997854233,17.30189999938011,55.25739999860525,2,12,9,3.003617000009399,10.066069999942556,8.404146999993827
124,5,5,53,9.359700001776218,14.060100000351667,44.913600001484156,4,8,4,2.445469000027515,8.207279999973252,6.878025000041816
125,7,19,44,7.604100000113249,11.425599999725819,36.50559999793768,5,8,7,1.99082800000906,6.690709999995306,5.627151999971829
126,3,19,20,6.178099997341633,9.285000000149012,29.671500001102686,1,8,3,1.6205489999847487,5.453560000052676,4.602314000017941
127,4,5,26,5.019600000232458,7.545499999076128,24.116399999707937,1,2,1,1.319017999980133,4.44455000013113,3.7629919999744743
128,4,7,29,4.0784000009298325,6.131900001317263,19.60130000114441,1,3,5,1.0734989999909885,3.6217499999329448,3.075861999997869
129,1,9,12,3.313799999654293,4.9831000007689,15.931399997323751,0,0,2,0.8736100000096485,2.9508899999782443,2.513524000009056
130,2,8,9,2.6926000006496906,4.049599997699261,12.948400001972914,1,4,2,0.7108880000305362,2.4040200000163168,2.053468999976758
131,7,7,22,2.1878000013530254,3.2910000011324883,10.524000000208616,0,1,1,0.5784339999663644,1.9582799999043345,1.6772100000525825
132,1,2,14,1.7777999974787235,2.674600001424551,8.55350000038743,0,1,2,0.47062999999616295,1.5950100000482053,1.369576999975834
133,0,2,9,1.444700002670288,2.173499997705221,6.951799999922514,1,1,1,0.3828920000232756,1.299000000115484,1.1181239999714307
134,1,2,8,1.1737999990582466,1.7664000019431114,5.650100000202656,2,0,1,0.31149399996502325,1.0578199999872595,0.9126479999977164
135,1,1,7,0.9538999982178211,1.4354999996721745,4.5920999981462955,0,0,1,0.25339600001461804,0.8613400000613183,0.7447830000310205
136,0,0,1,0.7752000018954277,1.1666000001132488,3.732200000435114,1,1,0,0.20612300001084805,0.7012899999972433,0.6076800000155345
137,2,1,3,0.6298999972641468,0.9481000006198883,3.0333000011742115,0,0,0,0.1676619999925606,0.5709400000050664,0.4957259999937378
138,1,0,5,0.5119000002741814,0.7704999968409538,2.465199999511242,0,1,0,0.13637000002199784,0.46477999980561435,0.4043289999826811
139,1,0,0,0.41600000113248825,0.6262000016868114,2.0035999976098537,0,1,1,0.11091499996837229,0.3783200001344085,0.3297289999900386
140,0,2,2,0.33799999952316284,0.5089000016450882,1.6284000016748905,0,0,0,0.09020800003781915,0.30793999996967614,0.2688510000007227
141,0,1,1,0.27470000088214874,0.41359999775886536,1.3234999999403954,0,0,1,0.07336300000315532,0.250620000064373,0.21918100002221763
142,1,0,1,0.2232000008225441,0.3361000008881092,1.0755999982357025,0,0,0,0.059661999985110015,0.20396999991498888,0.1786619999911636
143,0,0,0,0.18149999901652336,0.27319999784231186,0.8742000013589859,0,0,1,0.048519000003580004,0.1659800000488758,0.14561399997910485
144,0,3,0,0.14739999920129776,0.22200000286102295,0.7105000019073486,0,0,0,0.03945400001248345,0.13506999984383583,0.1186650000163354
145,0,0,1,0.11980000138282776,0.18039999902248383,0.5773999989032745,0,0,0,0.03208400000585243,0.10990000003948808,0.09668999997666106
146,0,1,0,0.0973999984562397,0.14660000056028366,0.469200000166893,0,0,0,0.02608799998415634,0.0894200000911951,0.0787770000169985
147,0,0,0,0.07910000160336494,0.11919999867677689,0.3814000003039837,0,0,0,0.021212999999988824,0.07275000005029142,0.06417500000679865
148,0,0,0,0.06430000066757202,0.09690000116825104,0.3099999986588955,0,0,1,0.01724899996770546,0.05918999994173646,0.05227300000842661
149,0,0,0,0.052299998700618744,0.0786999985575676,0.25189999863505363,0,0,0,0.014024000032804906,0.04814999992959201,0.042575999977998435
150,1,0,0,0.042500000447034836,0.06390000134706497,0.20480000227689743,0,1,0,0.011402999982237816,0.039170000003650784,0.03467300004558638
151,0,0,0,0.03449999913573265,0.052000001072883606,0.1662999987602234,0,1,0,0.009270999988075346,0.031870000064373016,0.02823499997612089
152,0,0,1,0.02800000086426735,0.04229999706149101,0.13529999926686287,0,0,0,0.007538000005297363,0.025919999927282333,0.02298999996855855
153,0,0,1,0.02279999852180481,0.034300003200769424,0.10990000143647194,0,0,0,0.00612800003727898,0.021080000093206763,0.018718000035732985
154,0,0,0,0.01860000193119049,0.027899999171495438,0.0892999991774559,0,0,0,0.004981999984011054,0.017149999970570207,0.015238999971188605
155,0,0,0,0.015000000596046448,0.022700000554323196,0.07259999960660934,0,0,0,0.004050999996252358,0.013939999975264072,0.012405000044964254
156,0,0,0,0.012299999594688416,0.018399998545646667,0.05900000035762787,0,0,0,0.003292999987024814,0.01133999996818602,0.010097999998833984
157,0,0,0,0.00989999994635582,0.015000000596046448,0.0479000024497509,0,0,0,0.002677000011317432,0.009229999966919422,0.008218999952077866
158,0,0,0,0.008099999278783798,0.012199997901916504,0.038999997079372406,0,0,0,0.002175999979954213,0.00750000006519258,0.006689000001642853
159,0,0,0,0.0064999982714653015,0.00989999994635582,0.031700000166893005,0,0,0,0.0017690000240691006,0.00610000011511147,0.005444000009447336
160,0,0,0,0.0054000020027160645,0.008000001311302185,0.025700002908706665,0,0,0,0.0014390000142157078,0.0049599998164922,0.0044300000299699605
161,0,0,0,0.0042999982833862305,0.0065000019967556,0.020899999886751175,0,0,0,0.0011689999955706298,0.004040000028908253,0.003604999976232648
162,0,0,0,0.003600001335144043,0.005399998277425766,0.016999997198581696,0,0,0,9.499999578110874e-4,0.003280000062659383,0.002933999989181757
163,0,0,0,0.0027999989688396454,0.0042999982833862305,0.013900000602006912,0,0,0,7.730000070296228e-4,0.0026700000744313,0.002386000007390976
164,0,0,0,0.0023000016808509827,0.00350000336766243,0.01119999960064888,0,0,0,6.280000088736415e-4,0.0021699999924749136,0.0019420000026002526
165,0,0,0,0.0018999986350536346,0.0027999989688396454,0.00910000130534172,0,0,0,5.109999910928309e-4,0.0017599998973309994,0.0015799999819137156
166,0,0,0,0.0016000010073184967,0.002299997955560684,0.007399998605251312,0,0,0,4.1500001680105925e-4,0.0014299999456852674,0.001285000005736947
167,0,0,0,0.0011999979615211487,0.001900002360343933,0.00610000267624855,0,0,0,3.370000049471855e-4,0.0011700000613927841,0.0010460000485181808
168,0,0,0,0.0010000020265579224,0.0015999972820281982,0.004899997264146805,0,0,0,2.739999908953905e-4,9.500000160187483e-4,8.499999530613422e-4
169,0,0,0,9.000003337860107e-4,0.0012000016868114471,0.0039000026881694794,0,0,0,2.2300001000985503e-4,7.700000423938036e-4,6.920000305399299e-4
170,0,0,0,5.999989807605743e-4,9.99998301267624e-4,0.0032999999821186066,0,0,0,1.8099998123943806e-4,6.299999076873064e-4,5.629999795928597e-4
171,0,0,0,5.999989807605743e-4,8.000023663043976e-4,0.0025999993085861206,0,0,0,1.4700001338496804e-4,5.000000819563866e-4,4.579999949783087e-4
172,0,0,0,4.00003045797348e-4,7.00000673532486e-4,0.0020999982953071594,0,0,0,1.1999998241662979e-4,4.1999993845820427e-4,3.720000386238098e-4
173,0,0,0,3.9999932050704956e-4,4.999972879886627e-4,0.0018000006675720215,0,0,0,9.700004011392593e-5,3.400000277906656e-4,3.029999788850546e-4
174,0,0,0,2.9999762773513794e-4,5.000010132789612e-4,0.001400001347064972,0,0,0,7.999996887519956e-5,2.6999996043741703e-4,2.460000105202198e-4
175,0,0,0,1.9999966025352478e-4,3.000013530254364e-4,0.0010999999940395355,0,0,0,6.400002166628838e-5,2.2000004537403584e-4,2.0000000949949026e-4
176,0,0,0,2.0000338554382324e-4,2.9999762773513794e-4,9.99998301267624e-4,0,0,0,5.199998850002885e-5,1.799999736249447e-4,1.6299996059387922e-4
177,0,0,0,1.9999966025352478e-4,3.000013530254364e-4,7.00000673532486e-4,0,0,0,4.299997817724943e-5,1.4999997802078724e-4,1.330000231973827e-4
178,0,0,0,9.999796748161316e-5,1.9999966025352478e-4,5.999989807605743e-4,0,0,0,3.400002606213093e-5,1.1999998241662979e-4,1.0699999984353781e-4
179,0,0,0,1.0000169277191162e-4,1.0000169277191162e-4,5.000010132789612e-4,0,0,0,2.7999980375170708e-5,1.0000006295740604e-4,8.79999715834856e-5
180,0,0,0,9.999796748161316e-5,9.999796748161316e-5,5.000010132789612e-4,0,0,0,2.300000051036477e-5,7.999991066753864e-5,7.100001676008105e-5
181,0,0,0,1.0000169277191162e-4,1.0000169277191162e-4,2.9999762773513794e-4,0,0,0,1.9000028260052204e-5,5.9999991208314896e-5,5.800003418698907e-5
182,0,0,0,0,9.999796748161316e-5,3.000013530254364e-4,0,0,0,1.4999997802078724e-5,5.000014789402485e-5,4.6999950427562e-5
183,0,0,0,9.999796748161316e-5,1.0000169277191162e-4,1.9999966025352478e-4,0,0,0,1.1999974958598614e-5,4.000007174909115e-5,3.7999998312443495e-5
184,0,0,0,0,9.999796748161316e-5,1.0000169277191162e-4,0,0,0,1.0000017937272787e-5,3.9999838918447495e-5,3.200001083314419e-5
185,0,0,0,0,0,1.9999966025352478e-4,0,0,0,8.000002708286047e-6,2.9999995604157448e-5,2.500001573935151e-5
186,0,0,0,0,0,9.999796748161316e-5,0,0,0,5.999987479299307e-6,2.00001522898674e-5,1.999997766688466e-5
187,0,0,0,1.0000169277191162e-4,1.0000169277191162e-4,1.0000169277191162e-4,0,0,0,5.999987479299307e-6,1.9999919459223747e-5,1.7000013031065464e-5
188,0,0,0,0,0,9.999796748161316e-5,0,0,0,4.00003045797348e-6,1.00000761449337e-5,1.3999990187585354e-5
189,0,0,0,0,0,0,0,0,0,3.999972250312567e-6,1.9999919459223747e-5,1.1000025551766157e-5
190,0,0,0,0,0,1.0000169277191162e-4,0,0,0,3.00002284348011e-6,1.00000761449337e-5,9.000010322779417e-6
191,0,0,0,0,0,0,0,0,0,2.00001522898674e-6,0,6.999995093792677e-6
192,0,0,0,0,9.999796748161316e-5,9.999796748161316e-5,0,0,0,1.9999570213258266e-6,9.999843314290047e-6,5.999987479299307e-6
193,0,0,0,0,0,0,0,0,0,1.00000761449337e-6,1.00000761449337e-5,4.999979864805937e-6
194,0,0,0,0,0,0,0,0,0,2.00001522898674e-6,0,4.00003045797348e-6
195,0,0,0,0,0,0,0,0,0,1.00000761449337e-6,0,2.9999646358191967e-6
196,0,0,0,0,0,1.0000169277191162e-4,0,0,0,0,1.00000761449337e-5,3.00002284348011e-6
197,0,0,0,0,0,0,0,0,0,1.00000761449337e-6,0,2.00001522898674e-6
198,0,0,0,0,0,0,0,0,0,1.00000761449337e-6,0,1.00000761449337e-6
199,0,0,0,0,0,0,0,0,0,0,0,1.9999570213258266e-6
200,0,0,0,0,0,0,0,0,0,0,0,1.00000761449337e-6
201,0,0,0,0,0,0,0,0,0,9.999494068324566e-7,0,1.00000761449337e-6
202,0,0,0,0,0,0,0,0,0,0,9.999843314290047e-6,1.00000761449337e-6
203,0,0,0,0,0,0,0,0,0,0,0,0
204,0,0,0,0,0,0,0,0,0,0,0,1.00000761449337e-6
205,0,0,0,0,0,0,0,0,0,0,0,0
206,0,0,0,0,0,0,0,0,0,1.00000761449337e-6,0,0
207,0,0,0,0,0,0,0,0,0,0,0,1.00000761449337e-6
208,0,0,0,0,0,0,0,0,0,0,0,0
209,0,0,0,0,0,0,0,0,0,0,0,0
210,0,0,0,0,0,0,0,0,0,0,0,0
211,0,0,0,9.999796748161316e-5,0,0,0,0,0,0,0,0
212,0,0,0,0,0,0,0,0,0,0,0,0
213,0,0,0,0,0,0,0,0,0,0,0,1.00000761449337e-6
214,0,0,0,0,0,0,0,0,0,0,0,0
215,0,0,0,0,0,0,0,0,0,0,0,0
216,0,0,0,0,0,0,0,0,0,0,0,0
217,0,0,0,0,0,0,0,0,0,0,0,0
218,0,0,0,0,0,0,0,0,0,0,0,0
219,0,0,0,0,0,0,0,0,0,0,0,0
220,0,0,0,0,0,0,0,0,0,0,0,0
221,0,0,0,0,0,0,0,0,0,0,0,0
222,0,0,0,0,0,0,0,0,0,0,0,0
223,0,0,0,0,0,0,0,0,0,0,0,0
224,0,0,0,0,0,0,0,0,0,0,0,0
225,0,0,0,0,0,0,0,0,0,0,0,0
226,0,0,0,0,0,0,0,0,0,0,0,0
227,0,0,0,0,0,0,0,0,0,0,0,0
228,0,0,0,0,0,0,0,0,0,0,0,0
229,0,0,0,0,0,0,0,0,0,0,0,0
230,0,0,0,0,0,0,0,0,0,0,0,0
231,0,0,0,0,0,0,0,0,0,0,0,0
232,0,0,0,0,0,0,0,0,0,0,0,0
233,0,0,0,0,0,0,0,0,0,0,0,0
234,0,0,0,0,0,0,0,0,0,0,0,0
235,0,0,0,0,0,0,0,0,0,0,0,0
236,0,0,0,0,0,0,0,0,0,0,0,0
237,0,0,0,0,0,0,0,0,0,0,0,0
238,0,0,0,0,0,0,0,0,0,0,0,0
239,0,0,0,0,0,0,0,0,0,0,0,0
240,0,0,0,0,0,0,0,0,0,0,0,0
241,0,0,0,0,0,0,0,0,0,0,0,0
242,0,0,0,0,0,0,0,0,0,0,0,0
243,0,0,0,0,0,0,0,0,0,0,0,0
244,0,0,0,0,0,0,0,0,0,0,0,0
245,0,0,0,0,0,0,0,0,0,0,0,0
246,0,0,0,0,0,0,0,0,0,0,0,0
247,0,0,0,0,0,0,0,0,0,0,0,0
248,0,0,0,0,0,0,0,0,0,0,0,0
249,0,0,0,0,0,0,0,0,0,0,0,0
250,0,0,0,0,0,0,0,0,0,0,0,0
251,0,0,0,0,0,0,0,0,0,0,0,0
252,0,0,0,0,0,0,0,0,0,0,0,0
253,0,0,0,0,0,0,0,0,0,0,0,0
254,0,0,0,0,0,0,0,0,0,0,0,0
255,0,0,0,0,0,0,0,0,0,0,0,0
256,0,0,0,0,0,0,0,0,0,0,0,0
257,0,0,0,0,0,0,0,0,0,0,0,0
258,0,0,0,0,0,0,0,0,0,0,0,0
259,0,0,0,0,0,0,0,0,0,0,0,0
260,0,0,0,0,0,0,0,0,0,0,0,0
261,0,0,0,0,0,0,0,0,0,0,0,0
262,0,0,0,0,0,0,0,0,0,0,0,0
263,0,0,0,0,0,0,0,0,0,0,0,0
264,0,0,0,0,0,0,0,0,0,0,0,0
265,0,0,0,0,0,0,0,0,0,0,0,0
266,0,0,0,0,0,0,0,0,0,0,0,0
267,0,0,0,0,0,0,0,0,0,0,0,0
268,0,0,0,0,0,0,0,0,0,0,0,0
269,0,0,0,0,0,0,0,0,0,0,0,0
270,0,0,0,0,0,0,0,0,0,0,0,0
